"Month","Year","Projects_Started","Projects_Completed","Reviews_Completed","Items_Rejected","First_Pass_Acceptance"
"Jan",2018,7,5,264,85,37.1212121212121
"Feb",2018,13,10,300,42,66.6666666666667
"Mar",2018,7,9,116,23,60.3448275862069
"Apr",2018,15,13,163,47,46.6257668711656
"May",2018,6,8,270,70,47.037037037037
